{
  "surface": [
    {
      "block": "galacticraftplanets:asteroids_block",
      "meta": "0",
      "weight": 80
    },
	{
      "block": "galacticraftplanets:asteroids_block",
      "meta": "3",
      "weight": 20
    },
	{
      "block": "thermalfoundation:ore",
      "meta": "0",
      "weight": 25
    },
	{
      "block": "thermalfoundation:ore",
      "meta": "1",
      "weight": 20
    },
	{
      "block": "thermalfoundation:ore",
      "meta": "2",
      "weight": 10
    },
	{
      "block": "thermalfoundation:ore",
      "meta": "3",
      "weight": 10
    },
	{
      "block": "thermalfoundation:ore",
      "meta": "4",
      "weight": 15
    },
	{
      "block": "thermalfoundation:ore",
      "meta": "5",
      "weight": 5
    },
	{
      "block": "thermalfoundation:ore",
      "meta": "6",
      "weight": 2
    },
    {
      "block": "galacticraftplanets:asteroids_block",
      "meta": "4",
      "weight": 15
    },
    {
      "block": "galacticraftplanets:asteroids_block",
      "meta": "5",
      "weight": 50
    },
	{
      "block": "densemetals:dense_iron_ore",
      "meta": "",
      "weight": 15
    },
	{
      "block": "densemetals:dense_coal_ore",
      "meta": "",
      "weight": 10
    },
	{
      "block": "minecraft:coal_ore",
      "meta": "",
      "weight": 40
    },
    {
      "block": "minecraft:gold_ore",
      "meta": "",
      "weight": 15
    },
	{
      "block": "minecraft:redstone_ore",
      "meta": "",
      "weight": 15
    },
	{
      "block": "densemetals:dense_gold_ore",
      "meta": "",
      "weight": 5
    },
	{
      "block": "densemetals:dense_redstone_ore",
      "meta": "",
      "weight": 5
    },
	{
      "block": "galacticraftplanets:venus",
      "meta": "13",
      "weight": 15
    },
	{
      "block": "bluepower:ruby_ore",
      "meta": "",
      "weight": 15
    },
	{
      "block": "bluepower:sapphire_ore",
      "meta": "",
      "weight": 15
    },
	{
      "block": "bluepower:amethyst_ore",
      "meta": "",
      "weight": 15
    },
	{
      "block": "spacecraftx:ore_lithium",
      "meta": "",
      "weight": 15
    },
    {
      "block": "minecraft:lapis_ore",
      "meta": "",
      "weight": 10
    },
	{
      "block": "densemetals:dense_lapis_ore",
      "meta": "",
      "weight": 10
    },
	{
      "block": "galacticraftcore:basic_block_core",
      "meta": "8",
      "weight": 10
    },
	{
      "block": "atomicscience:uranium_ore",
      "meta": "",
      "weight": 5
    },
	{
      "block": "matteroverdrive:tritanium_ore",
      "meta": "",
      "weight": 5
    },
	{
      "block": "matteroverdrive:dilithium_ore",
      "meta": "",
      "weight": 5
    },
    {
      "block": "minecraft:diamond_ore",
      "meta": "",
      "weight": 5
    },
    {
      "block": "minecraft:emerald_ore",
      "meta": "",
      "weight": 10
    },
	{
      "block": "densemetals:dense_diamond_ore",
      "meta": "",
      "weight": 2
    },
    {
      "block": "densemetals:dense_emerald_ore",
      "meta": "",
      "weight": 2
    },
    {
      "block": "wasteland_meteors:meteor_chest",
      "meta": "facing=east",
      "nbt": "{LootTable:\"wasteland_meteors:chests/minecraft_plants\"}",
      "weight": 1
    },
    {
      "block": "wasteland_meteors:meteor_chest",
      "meta": "facing=west",
      "nbt": "{LootTable:\"wasteland_meteors:chests/minecraft_plants\"}",
      "weight": 1
    },
    {
      "block": "wasteland_meteors:meteor_chest",
      "meta": "facing=north",
      "nbt": "{LootTable:\"wasteland_meteors:chests/minecraft_plants\"}",
      "weight": 1
    },
    {
      "block": "wasteland_meteors:meteor_chest",
      "meta": "facing=south",
      "nbt": "{LootTable:\"wasteland_meteors:chests/minecraft_plants\"}",
      "weight": 1
    }
  ],
  "underground": [
     {
      "block": "galacticraftplanets:asteroids_block",
      "meta": "0",
      "weight": 80
    },
	{
      "block": "galacticraftplanets:asteroids_block",
      "meta": "3",
      "weight": 36
    },
    {
      "block": "galacticraftplanets:asteroids_block",
      "meta": "4",
      "weight": 36
    },
    {
      "block": "galacticraftplanets:asteroids_block",
      "meta": "5",
      "weight": 36
    },
    {
      "block": "minecraft:gold_ore",
      "meta": "",
      "weight": 12
    },
    {
      "block": "minecraft:lapis_ore",
      "meta": "",
      "weight": 10
    },
    {
      "block": "minecraft:diamond_ore",
      "meta": "",
      "weight": 4
    },
    {
      "block": "minecraft:emerald_ore",
      "meta": "",
      "weight": 2
    },
    {
      "block": "wasteland_meteors:meteor_chest",
      "meta": "facing=east",
      "nbt": "{LootTable:\"wasteland_meteors:chests/minecraft_plants\"}",
      "weight": 1
    },
    {
      "block": "wasteland_meteors:meteor_chest",
      "meta": "facing=west",
      "nbt": "{LootTable:\"wasteland_meteors:chests/minecraft_plants\"}",
      "weight": 1
    },
    {
      "block": "wasteland_meteors:meteor_chest",
      "meta": "facing=north",
      "nbt": "{LootTable:\"wasteland_meteors:chests/minecraft_plants\"}",
      "weight": 1
    },
    {
      "block": "wasteland_meteors:meteor_chest",
      "meta": "facing=south",
      "nbt": "{LootTable:\"wasteland_meteors:chests/minecraft_plants\"}",
      "weight": 1
    }
  ]
}